id,text,media_id,chat_id,channel_name,grouped_id
12816,"**ü§¶‚Äç‚ôÇÔ∏è**** –°–Ω–æ–≤–∞ –ø—Ä–æ–ø—É—Å—Ç–∏–ª –º–æ–º–µ–Ω—Ç?

**–¢–æ–ª—å–∫–æ —á—Ç–æ** **Gladiators –≤—ã–∏–≥—Ä–∞–ª–∏ —Å –∫–æ—ç—Ñ—Ñ–∏—Ü–∏–µ–Ω—Ç–æ–º **–•10 –≤ LIVE**, –∞ —Ç—ã –Ω–µ –ø–æ—Å—Ç–∞–≤–∏–ª –Ω–∞ —Ñ–∏–Ω–∞–ª —Å [BetBoom?](https://bonus.betboom.app/)

üî† –í—Ä–µ–º—è –µ—â–µ –µ—Å—Ç—å! –ü–æ–ª—É—á–∏ –±–æ–Ω—É—Å –¥–æ **7000‚ÇΩ** –∑–∞ [—Ä–µ–≥–∏—Å—Ç—Ä–∞—Ü–∏—é](https://bonus.betboom.app/) –∏ —Å—Ç–∞–≤—å, –Ω–µ —Ä–∏—Å–∫—É—è —Å–≤–æ–∏–º–∏ –¥–µ–Ω—å–≥–∞–º–∏! 

**–ó–∞–±–∏—Ä–∞–π –±–æ–Ω—É—Å –∏ –¢–ê–©–ò ****üëá**",media/media_image_-1001054735798_5283249720921279783.jpg,-1001054735798,Dota2,-1
12815,"**‚ö°Ô∏è**** Gladiators 1-0 Liquid

**–î—É—Ä–∞—á—å–µ –∏ –∫–æ–º–ø–∞–Ω–∏—è –∑–∞–±–∏—Ä–∞—é—Ç –ø–µ—Ä–≤—É—é –∫–∞—Ä—Ç—É, –æ—Ç—ã–≥—Ä–∞–≤ 15–∫ –Ω–µ—Ç–≤–æ—Ä—Å–∞. –û—á–µ—Ä–µ–¥–Ω—ã–µ 3-0 –¥–ª—è Gladiators, –∏–ª–∏ –≤—Å–µ —Ç–∞–∫–∏ –∂–¥–µ–º –∫–∞–º–±—ç–∫ –æ—Ç ""–ñ–∏–¥–∫–∏—Ö""?

@Dota2",,-1001054735798,Dota2,-1
12814,"**‚öîÔ∏è –î—Ä–∞—Ñ—Ç—ã –ø–µ—Ä–≤–æ–π –∫–∞—Ä—Ç—ã –ì—Ä–∞–Ω–¥-–§–∏–Ω–∞–ª–∞

**–ñ–¥–µ–º –Ω–µ–≤–µ—Ä–æ—è—Ç–Ω—É—é –±–æ—Ä—å–±—É –∏ 5 –∫–∞—Ä—Ç –≤ —Ñ–∏–Ω–∞–ª–µ!

@Dota2",media/media_image_-1001054735798_5284983118182337067.jpg,-1001054735798,Dota2,-1
